"James","Butt","6649 N Blue Gum St","New Orleans","LA",70116,"504-621-8927","jbutt@gmail.com""Josephine","Darakjy","4 B Blue Ridge Blvd","Brighton","MI",48116,"810-292-9388","josephine_darakjy@darakjy.org""Art","Venere","8 W Cerritos Ave #54","Bridgeport","NJ","08014","856-636-8749","art@venere.org""Lenna","Paprocki","639 Main St","Anchorage","AK",99501,"907-385-4412","lpaprocki@hotmail.com""Donette","Foller","34 Center St","Hamilton","OH",45011,"513-570-1893","donette.foller@cox.net""Simona","Morasca","3 Mcauley Dr","Ashland","OH",44805,"419-503-2484","simona@morasca.com""Mitsue","Tollner","7 Eads St","Chicago","IL",60632,"773-573-6914","mitsue_tollner@yahoo.com""Leota","Dilliard","7 W Jackson Blvd","San Jose","CA",95111,"408-752-3500","leota@hotmail.com""Sage","Wieser","5 Boston Ave #88","Sioux Falls","SD",57105,"605-414-2147","sage_wieser@cox.net""Kris","Marrier","228 Runamuck Pl #2808","Baltimore","MD",21224,"410-655-8723","kris@gmail.com""Minna","Amigon","2371 Jerrold Ave","Kulpsville","PA",19443,"215-874-1229","minna_amigon@yahoo.com""Abel","Maclead","37275 St  Rt 17m M","Middle Island","NY",11953,"631-335-3414","amaclead@gmail.com""Kiley","Caldarera","25 E 75th St #69","Los Angeles","CA",90034,"310-498-5651","kiley.caldarera@aol.com""Graciela","Ruta","98 Connecticut Ave Nw","Chagrin Falls","OH",44023,"440-780-8425","gruta@cox.net""Cammy","Albares","56 E Morehead St","Laredo","TX",78045,"956-537-6195","calbares@gmail.com""Mattie","Poquette","73 State Road 434 E","Phoenix","AZ",85013,"602-277-4385","mattie@aol.com""Meaghan","Garufi","69734 E Carrillo St","Mc Minnville","TN",37110,"931-313-9635","meaghan@hotmail.com""Gladys","Rim","322 New Horizon Blvd","Milwaukee","WI",53207,"414-661-9598","gladys.rim@rim.org""Yuki","Whobrey","1 State Route 27","Taylor","MI",48180,"313-288-7937","yuki_whobrey@aol.com""Fletcher","Flosi","394 Manchester Blvd","Rockford","IL",61109,"815-828-2147","fletcher.flosi@yahoo.com""Bette","Nicka","6 S 33rd St","Aston","PA",19014,"610-545-3615","bette_nicka@cox.net""Veronika","Inouye","6 Greenleaf Ave","San Jose","CA",95111,"408-540-1785","vinouye@aol.com""Willard","Kolmetz","618 W Yakima Ave","Irving","TX",75062,"972-303-9197","willard@hotmail.com""Maryann","Royster","74 S Westgate St","Albany","NY",12204,"518-966-7987","mroyster@royster.com""Alisha","Slusarski","3273 State St","Middlesex","NJ","08846","732-658-3154","alisha@slusarski.com""Allene","Iturbide","1 Central Ave","Stevens Point","WI",54481,"715-662-6764","allene_iturbide@cox.net""Chanel","Caudy","86 Nw 66th St #8673","Shawnee","KS",66218,"913-388-2079","chanel.caudy@caudy.org""Ezekiel","Chui","2 Cedar Ave #84","Easton","MD",21601,"410-669-1642","ezekiel@chui.com""Willow","Kusko","90991 Thorburn Ave","New York","NY",10011,"212-582-4976","wkusko@yahoo.com""Bernardo","Figeroa","386 9th Ave N","Conroe","TX",77301,"936-336-3951","bfigeroa@aol.com""Ammie","Corrio","74874 Atlantic Ave","Columbus","OH",43215,"614-801-9788","ammie@corrio.com""Francine","Vocelka","366 South Dr","Las Cruces","NM",88011,"505-977-3911","francine_vocelka@vocelka.com""Ernie","Stenseth","45 E Liberty St","Ridgefield Park","NJ","07660","201-709-6245","ernie_stenseth@aol.com""Albina","Glick","4 Ralph Ct","Dunellen","NJ","08812","732-924-7882","albina@glick.com""Alishia","Sergi","2742 Distribution Way","New York","NY",10025,"212-860-1579","asergi@gmail.com""Solange","Shinko","426 Wolf St","Metairie","LA",70002,"504-979-9175","solange@shinko.com""Jose","Stockham","128 Bransten Rd","New York","NY",10011,"212-675-8570","jose@yahoo.com""Rozella","Ostrosky","17 Morena Blvd","Camarillo","CA",93012,"805-832-6163","rozella.ostrosky@ostrosky.com""Valentine","Gillian","775 W 17th St","San Antonio","TX",78204,"210-812-9597","valentine_gillian@gmail.com""Kati","Rulapaugh","6980 Dorsett Rd","Abilene","KS",67410,"785-463-7829","kati.rulapaugh@hotmail.com""Youlanda","Schemmer","2881 Lewis Rd","Prineville","OR",97754,"541-548-8197","youlanda@aol.com""Dyan","Oldroyd","7219 Woodfield Rd","Overland Park","KS",66204,"913-413-4604","doldroyd@aol.com""Roxane","Campain","1048 Main St","Fairbanks","AK",99708,"907-231-4722","roxane@hotmail.com""Lavera","Perin","678 3rd Ave","Miami","FL",33196,"305-606-7291","lperin@perin.org""Erick","Ferencz","20 S Babcock St","Fairbanks","AK",99712,"907-741-1044","erick.ferencz@aol.com""Fatima","Saylors","2 Lighthouse Ave","Hopkins","MN",55343,"952-768-2416","fsaylors@saylors.org""Jina","Briddick","38938 Park Blvd","Boston","MA","02128","617-399-5124","jina_briddick@briddick.com""Kanisha","Waycott","5 Tomahawk Dr","Los Angeles","CA",90006,"323-453-2780","kanisha_waycott@yahoo.com""Emerson","Bowley","762 S Main St","Madison","WI",53711,"608-336-7444","emerson.bowley@bowley.org""Blair","Malet","209 Decker Dr","Philadelphia","PA",19132,"215-907-9111","bmalet@yahoo.com""Brock","Bolognia","4486 W O St #1","New York","NY",10003,"212-402-9216","bbolognia@yahoo.com""Lorrie","Nestle","39 S 7th St","Tullahoma","TN",37388,"931-875-6644","lnestle@hotmail.com""Sabra","Uyetake","98839 Hawthorne Blvd #6101","Columbia","SC",29201,"803-925-5213","sabra@uyetake.org""Marjory","Mastella","71 San Mateo Ave","Wayne","PA",19087,"610-814-5533","mmastella@mastella.com""Karl","Klonowski","76 Brooks St #9","Flemington","NJ","08822","908-877-6135","karl_klonowski@yahoo.com""Tonette","Wenner","4545 Courthouse Rd","Westbury","NY",11590,"516-968-6051","twenner@aol.com""Amber","Monarrez","14288 Foster Ave #4121","Jenkintown","PA",19046,"215-934-8655","amber_monarrez@monarrez.org""Shenika","Seewald","4 Otis St","Van Nuys","CA",91405,"818-423-4007","shenika@gmail.com""Delmy","Ahle","65895 S 16th St","Providence","RI","02909","401-458-2547","delmy.ahle@hotmail.com""Deeanna","Juhas","14302 Pennsylvania Ave","Huntingdon Valley","PA",19006,"215-211-9589","deeanna_juhas@gmail.com""Blondell","Pugh","201 Hawk Ct","Providence","RI","02904","401-960-8259","bpugh@aol.com""Jamal","Vanausdal","53075 Sw 152nd Ter #615","Monroe Township","NJ","08831","732-234-1546","jamal@vanausdal.org""Cecily","Hollack","59 N Groesbeck Hwy","Austin","TX",78731,"512-486-3817","cecily@hollack.org""Carmelina","Lindall","2664 Lewis Rd","Littleton","CO",80126,"303-724-7371","carmelina_lindall@lindall.com"""Maurine"   ,"Yglesias"     ,"59ShadyLn#53"                   ,"Milwaukee"        ,"WI",53214  ,"414-748-1374","maurine_yglesias@yglesias.com""Tawna"     ,"Buvens"       ,"3305NabellAve#679"              ,"NewYork"          ,"NY",10009  ,"212-674-9610","tawna@gmail.com""Penney"    ,"Weight"       ,"18FountainSt"                   ,"Anchorage"        ,"AK",99515  ,"907-797-9628","penney_weight@aol.com""Elly"      ,"Morocco"      ,"7W32ndSt"                       ,"Erie"             ,"PA",16502  ,"814-393-5571","elly_morocco@gmail.com""Ilene"     ,"Eroman"       ,"2853SCentralExpy"               ,"GlenBurnie"       ,"MD",21061  ,"410-914-9018","ilene.eroman@hotmail.com""Vallie"    ,"Mondella"     ,"74WCollegeSt"                   ,"Boise"            ,"ID",83707  ,"208-862-5339","vmondella@mondella.com""Kallie"    ,"Blackwood"    ,"701SHarrisonRd"                 ,"SanFrancisco"     ,"CA",94104  ,"415-315-2761","kallie.blackwood@gmail.com""Johnetta"  ,"Abdallah"     ,"1088PinehurstSt"                ,"ChapelHill"       ,"NC",27514  ,"919-225-9345","johnetta_abdallah@aol.com""Bobbye"    ,"Rhym"         ,"30W80thSt#1995"                 ,"SanCarlos"        ,"CA",94070  ,"650-528-5783","brhym@rhym.com""Micaela"   ,"Rhymes"       ,"20932HedleySt"                  ,"Concord"          ,"CA",94520  ,"925-647-3298","micaela_rhymes@gmail.com""Tamar"     ,"Hoogland"     ,"2737PistorioRd#9230"            ,"London"           ,"OH",43140  ,"740-343-8575","tamar@hotmail.com""Moon"      ,"Parlato"      ,"74989BrandonSt"                 ,"Wellsville"       ,"NY",14895  ,"585-866-8313","moon@yahoo.com""Laurel"    ,"Reitler"      ,"6KainsAve"                      ,"Baltimore"        ,"MD",21215  ,"410-520-4832","laurel_reitler@reitler.com""Delisa"    ,"Crupi"        ,"47565WGrandAve"                 ,"Newark"           ,"NJ","07105","973-354-2040","delisa.crupi@crupi.com""Viva"      ,"Toelkes"      ,"4284DorigoLn"                   ,"Chicago"          ,"IL",60647  ,"773-446-5569","viva.toelkes@gmail.com""Elza"      ,"Lipke"        ,"6794LakeDrE"                    ,"Newark"           ,"NJ","07104","973-927-3447","elza@yahoo.com""Devorah"   ,"Chickering"   ,"31DouglasBlvd#950"              ,"Clovis"           ,"NM",88101  ,"505-975-8559","devorah@hotmail.com""Timothy"   ,"Mulqueen"     ,"44W4thSt"                       ,"StatenIsland"     ,"NY",10309  ,"718-332-6527","timothy_mulqueen@mulqueen.org""Arlette"   ,"Honeywell"    ,"11279LoytanSt"                  ,"Jacksonville"     ,"FL",32254  ,"904-775-4480","ahoneywell@honeywell.com""Dominque"  ,"Dickerson"    ,"69MarquetteAve"                 ,"Hayward"          ,"CA",94545  ,"510-993-3758","dominque.dickerson@dickerson.org""Lettie"    ,"Isenhower"    ,"70WMainSt"                      ,"Beachwood"        ,"OH",44122  ,"216-657-7668","lettie_isenhower@yahoo.com""Myra"      ,"Munns"        ,"461ProspectPl#316"              ,"Euless"           ,"TX",76040  ,"817-914-7518","mmunns@cox.net""Stephaine" ,"Barfield"     ,"47154WhippleAveNw"              ,"Gardena"          ,"CA",90247  ,"310-774-7643","stephaine@barfield.com""Lai"       ,"Gato"         ,"37AlabamaAve"                   ,"Evanston"         ,"IL",60201  ,"847-728-7286","lai.gato@gato.org""Stephen"   ,"Emigh"        ,"3777ERichmondSt#900"            ,"Akron"            ,"OH",44302  ,"330-537-5358","stephen_emigh@hotmail.com""Tyra"      ,"Shields"      ,"3FortWorthAve"                  ,"Philadelphia"     ,"PA",19106  ,"215-255-1641","tshields@gmail.com""Tammara"   ,"Wardrip"      ,"4800BlackHorsePike"             ,"Burlingame"       ,"CA",94010  ,"650-803-1936","twardrip@cox.net""Cory"      ,"Gibes"        ,"83649WBelmontAve"               ,"SanGabriel"       ,"CA",91776  ,"626-572-1096","cory.gibes@gmail.com""Danica"    ,"Bruschke"     ,"84015thAve"                   ,"Waco"             ,"TX",76708  ,"254-782-8569","danica_bruschke@gmail.com""Wilda"     ,"Giguere"      ,"1747CalleAmanecer#2"         ,"Anchorage"        ,"AK",99501  ,"907-870-5536","wilda@cox.net""Elvera"    ,"Benimadho"    ,"99385CharitySt#840"          ,"SanJose"         ,"CA",95110  ,"408-703-8505","elvera.benimadho@cox.net""Carma"     ,"Vanheusen"    ,"68556CentralHwy"              ,"SanLeandro"      ,"CA",94577  ,"510-503-7169","carma@cox.net""Malinda"   ,"Hochard"      ,"55RiversideAve"               ,"Indianapolis"     ,"IN",46202  ,"317-722-5066","malinda.hochard@yahoo.com""Natalie"   ,"Fern"         ,"7140UniversityAve"            ,"RockSprings"     ,"WY",82901  ,"307-704-8713","natalie.fern@hotmail.com""Lisha"     ,"Centini"      ,"645thAve#1153"               ,"McLean"          ,"VA",22102  ,"703-235-3937","lisha@centini.org"m""Arlene","Klusman","3SecorRd","NewOrleans","LA",70112,"504-710-5840","arlene_klusman@gmail.com""Alease","Buemi","4WebbsChapelRd","Boulder","CO",80303,"303-301-4946","alease@buemi.com""Louisa","Cronauer","524LouisianaAveNw","SanLeandro","CA",94577,"510-828-7047","louisa@cronauer.com""Angella","Cetta","185 Blackstone Bldge","Honolulu","HI",96817,"808-892-7943","angella.cetta@hotmail.com""Cyndy","Goldammer","170 Wyoming Ave","Burnsville","MN",55337,"952-334-9408","cgoldammer@cox.net""Rosio","Cork","4 10th St W","High Point","NC",27263,"336-243-5659","rosio.cork@gmail.com""Celeste","Korando","7 W Pinhook Rd","Lynbrook","NY",11563,"516-509-2347","ckorando@hotmail.com""Twana","Felger","1 Commerce Way","Portland","OR",97224,"503-939-3153","twana.felger@felger.org""Estrella","Samu","64 Lakeview Ave","Beloit","WI",53511,"608-976-7199","estrella@aol.com""Donte","Kines","3 Aspen St","Worcester","MA","01602","508-429-8576","dkines@hotmail.com""Tiffiny","Steffensmeier","32860 Sierra Rd","Miami","FL",33133,"305-385-9695","tiffiny_steffensmeier@cox.net""Edna","Miceli","555 Main St","Erie","PA",16502,"814-460-2655","emiceli@miceli.org""Sue","Kownacki","2 Se 3rd Ave","Mesquite","TX",75149,"972-666-3413","sue@aol.com""Jesusa","Shin","2239 Shawnee Mission Pky","Tullahoma","TN",37388,"931-273-8709","jshin@shin.com""Rolland","Francescon","2726 Charcot Ave","Paterson","NJ","07501","973-649-2922","rolland@cox.net""Pamella","Schmierer","5161 Dorsett Rd","Homestead","FL",33030,"305-420-8970","pamella.schmierer@schmierer.org""Glory","Kulzer","55892 Jacksonville Rd","Owings Mills","MD",21117,"410-224-9462","gkulzer@kulzer.org""Shawna","Palaspas","5 N Cleveland Massillon Rd","Thousand Oaks","CA",91362,"805-275-3566","shawna_palaspas@palaspas.org""Brandon","Callaro","7 Benton Dr","Honolulu","HI",96819,"808-215-6832","brandon_callaro@hotmail.com""Scarlet","Cartan","9390 S Howell Ave","Albany","GA",31701,"229-735-3378","scarlet.cartan@yahoo.com""Oretha","Menter","8 County Center Dr #647","Boston","MA","02210","617-418-5043","oretha_menter@yahoo.com""Ty","Smith","4646 Kaahumanu St","Hackensack","NJ","07601","201-672-1553","tsmith@aol.com""Xuan","Rochin","2 Monroe St","San Mateo","CA",94403,"650-933-5072","xuan@gmail.com""Lindsey","Dilello","52777 Leaders Heights Rd","Ontario","CA",91761,"909-639-9887","lindsey.dilello@hotmail.com""Devora","Perez","72868 Blackington Ave","Oakland","CA",94606,"510-955-3016","devora_perez@perez.org""Herman","Demesa","9 Norristown Rd","Troy","NY",12180,"518-497-2940","hdemesa@cox.net""Rory","Papasergi","83 County Road 437 #8581","Clarks Summit","PA",18411,"570-867-7489","rpapasergi@cox.net""Talia","Riopelle","1 N Harlem Ave #9","Orange","NJ","07050","973-245-2133","talia_riopelle@aol.com""Van","Shire","90131 J St","Pittstown","NJ","08867","908-409-2890","van.shire@shire.com""Lucina","Lary","8597 W National Ave","Cocoa","FL",32922,"321-749-4981","lucina_lary@cox.net""Bok","Isaacs","6 Gilson St","Bronx","NY",10468,"718-809-3762","bok.isaacs@aol.com""Rolande","Spickerman","65 W Maple Ave","Pearl City","HI",96782,"808-315-3077","rolande.spickerman@spickerman.com""Howard","Paulas","866 34th Ave","Denver","CO",80231,"303-623-4241","hpaulas@gmail.com""Kimbery","Madarang","798 Lund Farm Way","Rockaway","NJ","07866","973-310-1634","kimbery_madarang@cox.net""Thurman","Manno","9387 Charcot Ave","Absecon","NJ","08201","609-524-3586","thurman.manno@yahoo.com""Becky","Mirafuentes","30553 Washington Rd","Plainfield","NJ","07062","908-877-8409","becky.mirafuentes@mirafuentes.com""Beatriz","Corrington","481 W Lemon St","Middleboro","MA","02346","508-584-4279","beatriz@yahoo.com""Marti","Maybury","4 Warehouse Point Rd #7","Chicago","IL",60638,"773-775-4522","marti.maybury@yahoo.com""Nieves","Gotter","4940 Pulaski Park Dr","Portland","OR",97202,"503-527-5274","nieves_gotter@gmail.com""Leatha","Hagele","627 Walford Ave","Dallas","TX",75227,"214-339-1809","lhagele@cox.net""Valentin","Klimek","137 Pioneer Way","Chicago","IL",60604,"312-303-5453","vklimek@klimek.org""Melissa","Wiklund","61 13 Stoneridge #835","Findlay","OH",45840,"419-939-3613","melissa@cox.net"""Sheridan"  ,"Zane"         ,"2409AlabamaRd"                  ,"Riverside"        ,"CA",92501  ,"951-645-3605","sheridan.zane@zane.com""Bulah"     ,"Padilla"      ,"8927VandeverAve"                ,"Waco"             ,"TX",76707  ,"254-463-4368","bulah_padilla@hotmail.com""Audra"     ,"Kohnert"      ,"134LewisRd"                     ,"Nashville"        ,"TN",37211  ,"615-406-7854","audra@kohnert.com""Daren"     ,"Weirather"    ,"9NCollegeAve#3"                 ,"Milwaukee"        ,"WI",53216  ,"414-959-2540","dweirather@aol.com""Fernanda"  ,"Jillson"      ,"60480OldUsHighway51"            ,"Preston"          ,"MD",21655  ,"410-387-5260","fjillson@aol.com""Gearldine" ,"Gellinger"    ,"4BloomfieldAve"                 ,"Irving"           ,"TX",75061  ,"972-934-6914","gearldine_gellinger@gellinger.com""Chau"      ,"Kitzman"      ,"429TigerLn"                     ,"BeverlyHills"     ,"CA",90212  ,"310-560-8022","chau@gmail.com""Theola"    ,"Frey"         ,"54169NMainSt"                   ,"Massapequa"       ,"NY",11758  ,"516-948-5768","theola_frey@frey.com""Cheryl"    ,"Haroldson"    ,"92MainSt"                     ,"AtlanticCity"    ,"NJ","08401","609-518-7697","cheryl@haroldson.org""Laticia"   ,"Merced"       ,"72MannixDr"                   ,"Cincinnati"       ,"OH",45203  ,"513-508-7371","lmerced@gmail.com""Carissa"   ,"Batman"       ,"12270CatonCenterDr"          ,"Eugene"           ,"OR",97401  ,"541-326-4074","carissa.batman@yahoo.com""Lezlie"    ,"Craghead"     ,"749W18thSt#45"              ,"Smithfield"       ,"NC",27577  ,"919-533-3762","lezlie.craghead@craghead.org""Ozell"     ,"Shealy"       ,"8IndustryLn"                  ,"NewYork"         ,"NY",10002  ,"212-332-8435","oshealy@hotmail.com""Arminda"   ,"Parvis"       ,"1HuntwoodAve"                 ,"Phoenix"          ,"AZ",85017  ,"602-906-9419","arminda@parvis.com""Reita"     ,"Leto"         ,"55262NFrenchRd"              ,"Indianapolis"     ,"IN",46240  ,"317-234-1135","reita.leto@gmail.com""Yolando"   ,"Luczki"       ,"422E21stSt"                  ,"Syracuse"         ,"NY",13214  ,"315-304-4759","yolando@cox.net""Lizette"   ,"Stem"         ,"501N19thAve"                 ,"CherryHill"      ,"NJ","08002","856-487-5412","lizette.stem@aol.com""Gregoria"  ,"Pawlowicz"    ,"455NMainAve"                 ,"GardenCity"      ,"NY",11530  ,"516-212-1915","gpawlowicz@yahoo.com""Carin"     ,"Deleo"        ,"1844SouthernBlvd"             ,"LittleRock"      ,"AR",72202  ,"501-308-1040","cdeleo@deleo.com""Chantell"  ,"Maynerich"    ,"2023GregSt"                   ,"SaintPaul"       ,"MN",55101  ,"651-591-2583","chantell@yahoo.com""Dierdre"   ,"Yum"          ,"63381JenksAve"                ,"Philadelphia"     ,"PA",19134  ,"215-325-3042","dyum@yahoo.com""Larae"     ,"Gudroe"       ,"6651MunicipalRd"              ,"Houma"            ,"LA",70360  ,"985-890-7262","larae_gudroe@gmail.com""Latrice"   ,"Tolfree"      ,"81NorrisAve#525"             ,"Ronkonkoma"       ,"NY",11779  ,"631-957-7624","latrice.tolfree@hotmail.com""Kerry"     ,"Theodorov"    ,"6916WMainSt"                 ,"Sacramento"       ,"CA",95827  ,"916-591-3277","kerry.theodorov@gmail.com""Dorthy"    ,"Hidvegi"      ,"9635SMainSt"                 ,"Boise"            ,"ID",83704  ,"208-649-2373","dhidvegi@yahoo.com""Fannie"    ,"Lungren"      ,"17UsHighway111"              ,"RoundRock"       ,"TX",78664  ,"512-587-5746","fannie.lungren@yahoo.com""Evangelina","Radde"        ,"992CivicCenterDr"            ,"Philadelphia"     ,"PA",19123  ,"215-964-3284","evangelina@aol.com""Novella"   ,"Degroot"      ,"303NRadcliffeSt"             ,"Hilo"             ,"HI",96720  ,"808-477-4775","novella_degroot@degroot.org""Clay"      ,"Hoa"          ,"73SaintAnnSt#86"            ,"Reno"             ,"NV",89502  ,"775-501-8109","choa@hoa.org""Jennifer"  ,"Fallick"      ,"4458thSt"                     ,"Wheeling"         ,"IL",60090  ,"847-979-9545","jfallick@yahoo.com""Irma"      ,"Wolfgramm"    ,"9745WMainSt"                 ,"Randolph"         ,"NJ","07869","973-545-7355","irma.wolfgramm@hotmail.com""Eun"       ,"Coody"        ,"84BloomfieldAve"              ,"Spartanburg"      ,"SC",29301  ,"864-256-3620","eun@yahoo.com""Sylvia"    ,"Cousey"       ,"287YoungstownWarrenRd"       ,"Hampstead"        ,"MD",21074  ,"410-209-9545","sylvia_cousey@cousey.org""Nana"      ,"Wrinkles"     ,"6VanBurenSt"                 ,"MountVernon"     ,"NY",10553  ,"914-855-2115","nana@aol.com""Layla"     ,"Springe"      ,"229NFortyDriv"               ,"NewYork"         ,"NY",10011  ,"212-260-3151","layla.springe@cox.net""Joesph"    ,"Degonia"      ,"2887KnowltonSt#5435"         ,"Berkeley"         ,"CA",94710  ,"510-677-9785","joesph_degonia@degonia.org""Annabelle" ,"Boord"        ,"523MarquetteAve"              ,"Concord"          ,"MA","01742","978-697-6263","annabelle.boord@cox.net""Stephaine" ,"Vinning"      ,"3717HamannIndustrialPky"     ,"SanFrancisco"    ,"CA",94104  ,"415-767-6596","stephaine@cox.net""Nelida"    ,"Sawchuk"      ,"3StateRoute35S"             ,"Paramus"          ,"NJ","07652","201-971-1638","nelida@gmail.com""Marguerita","Hiatt"        ,"82NHighway67"                ,"Oakley"           ,"CA",94561  ,"925-634-7158","marguerita.hiatt@gmail.com""Carmela"   ,"Cookey"       ,"9MurfreesboroRd"              ,"Chicago"          ,"IL",60623  ,"773-494-4195","ccookey@cookey.org""Junita"    ,"Brideau"      ,"6SBroadwaySt"                ,"CedarGrove"      ,"NJ","07009","973-943-3423","jbrideau@aol.com""Claribel"  ,"Varriano"     ,"6HarryLDr#6327"             ,"Perrysburg"       ,"OH",43551  ,"419-544-4900","claribel_varriano@cox.net""Benton"    ,"Skursky"      ,"47939PorterAve"               ,"Gardena"          ,"CA",90248  ,"310-579-2907","benton.skursky@aol.com""Hillary"   ,"Skulski"      ,"9WalesRdNe#914"             ,"Homosassa"        ,"FL",34448  ,"352-242-2570","hillary.skulski@aol.com""Merilyn"   ,"Bayless"      ,"19513nN"                      ,"SantaClara"      ,"CA",95054  ,"408-758-5015","merilyn_bayless@cox.net""Teri"      ,"Ennaco"       ,"99TankFarmRd"                ,"Hazleton"         ,"PA",18201  ,"570-889-5187","tennaco@gmail.com""Merlyn"    ,"Lawler"       ,"4671AlemanyBlvd"              ,"JerseyCity"      ,"NJ","07304","201-588-7810","merlyn_lawler@hotmail.com""Georgene"  ,"Montezuma"    ,"98UniversityDr"               ,"SanRamon"        ,"CA",94583  ,"925-615-5185","gmontezuma@cox.net""Jettie"    ,"Mconnell"     ,"50EWackerDr"                 ,"Bridgewater"      ,"NJ","08807","908-802-3564","jmconnell@hotmail.com""Lemuel"    ,"Latzke"       ,"70EuclidAve#722"             ,"Bohemia"          ,"NY",11716  ,"631-748-6479","lemuel.latzke@gmail.com""Melodie"   ,"Knipp"        ,"326EMainSt#6496"            ,"ThousandOaks"    ,"CA",91362  ,"805-690-1682","mknipp@gmail.com""Candida"   ,"Corbley"      ,"406MainSt"                    ,"Somerville"       ,"NJ","08876","908-275-8357","candida_corbley@hotmail.com""Karan"     ,"Karpin"       ,"3ElmwoodDr"                   ,"Beaverton"        ,"OR",97005  ,"503-940-8327","karan_karpin@gmail.com""Andra"     ,"Scheyer"      ,"9ChurchSt"                    ,"Salem"            ,"OR",97302  ,"503-516-2189","andra@gmail.com""Felicidad" ,"Poullion"     ,"9939N14thSt"                 ,"Riverton"         ,"NJ","08077","856-305-9731","fpoullion@poullion.com""Belen"     ,"Strassner"    ,"5384SouthwyckBlvd"            ,"Douglasville"     ,"GA",30135  ,"770-507-8791","belen_strassner@aol.com""Gracia"    ,"Melnyk"       ,"97AirportLoopDr"             ,"Jacksonville"     ,"FL",32216  ,"904-235-3633","gracia@melnyk.com""Jolanda"   ,"Hanafan"      ,"37855NolanRd"                 ,"Bangor"           ,"ME","04401","207-458-9196","jhanafan@gmail.com""Barrett"   ,"Toyama"       ,"4252NWashingtonAve#9"       ,"Kennedale"        ,"TX",76060  ,"817-765-5781","barrett.toyama@toyama.org""Helga"     ,"Fredicks"     ,"42754SAshAve"                ,"Buffalo"          ,"NY",14228  ,"716-752-4114","helga_fredicks@yahoo.com""Ashlyn"    ,"Pinilla"      ,"703BevilleRd"                 ,"OpaLocka"        ,"FL",33054  ,"305-670-9628","apinilla@cox.net""Fausto"    ,"Agramonte"    ,"5HarrisonRd"                  ,"NewYork"         ,"NY",10038  ,"212-313-1783","fausto_agramonte@yahoo.com"m""Ronny","Caiafa","73SouthernBlvd","Philadelphia","PA",19103,"215-605-7570","ronny.caiafa@caiafa.org""Marge","Limmel","189VillageParkRd","Crestview","FL",32536,"850-430-1663","marge@gmail.com""Norah","Waymire","6MiddlegateRd#106","SanFrancisco","CA",94107,"415-306-7897","norah.waymire@gmail.com""Aliza","Baltimore","1128DelawareSt","SanJose","CA",95132,"408-504-3552","aliza@aol.com""Mozell","Pelkowski","577ParadeSt","SouthSanFrancisco","CA",94080,"650-947-1215","mpelkowski@pelkowski.org""Viola","Bitsuie","70MechanicSt","Northridge","CA",91325,"818-864-4875","viola@gmail.com""Franklyn","Emard","4379Highway116","Philadelphia","PA",19103,"215-558-8189","femard@emard.com""Willodean","Konopacki","55HawthorneBlvd","Lafayette","LA",70506,"337-253-8384","willodean_konopacki@konopacki.org""Beckie","Silvestrini","7116WesternAve","Dearborn","MI",48126,"313-533-4884","beckie.silvestrini@silvestrini.com""Rebecka","Gesick","2026NPlankintonAve#3","Austin","TX",78754,"512-213-8574","rgesick@gesick.org""Frederica","Blunk","99586MainSt","Dallas","TX",75207,"214-428-2285","frederica_blunk@gmail.com""Glen","Bartolet","8739HudsonSt","Vashon","WA",98070,"206-697-5796","glen_bartolet@hotmail.com""Freeman","Gochal","383GundermanRd#197","Coatesville","PA",19320,"610-476-3501","freeman_gochal@aol.com""Vincent","Meinerding","4441PointTermMkt","Philadelphia","PA",19143,"215-372-1718","vincent.meinerding@hotmail.com""Rima","Bevelacqua","2972LafayetteAve","Gardena","CA",90248,"310-858-5079","rima@cox.net""Glendora","Sarbacher","2140DiamondBlvd","RohnertPark","CA",94928,"707-653-8214","gsarbacher@gmail.com""Avery","Steier","93RedmondRd#492","Orlando","FL",32803,"407-808-9439","avery@cox.net""Cristy","Lother","3989PortageTr","Escondido","CA",92025,"760-971-4322","cristy@lother.com""Nicolette","Brossart","1MidwayRd","Westborough","MA","01581","508-837-9230","nicolette_brossart@brossart.com""Tracey","Modzelewski","77132CoonRapidsBlvdNw","Conroe","TX",77301,"936-264-9294","tracey@hotmail.com""Virgina","Tegarden","755HarborWay","Milwaukee","WI",53226,"414-214-8697","virgina_tegarden@tegarden.com""Tiera","Frankel","87SierraRd","ElMonte","CA",91731,"626-636-4117","tfrankel@aol.com""Alaine","Bergesen","7667SHulenSt#42","Yonkers","NY",10701,"914-300-9193","alaine_bergesen@cox.net""Earleen","Mai","75684SWithlapopkaDr#32","Dallas","TX",75227,"214-289-1973","earleen_mai@cox.net""Leonida","Gobern","5ElmwoodParkBlvd","Biloxi","MS",39530,"228-235-5615","leonida@gobern.org""Ressie","Auffrey","23PaloAltoSq","Miami","FL",33134,"305-604-8981","ressie.auffrey@yahoo.com""Justine","Mugnolo","38062EMainSt","NewYork","NY",10048,"212-304-9225","jmugnolo@yahoo.com""Eladia","Saulter","3958SDupontHwy#7","Ramsey","NJ","07446","201-474-4924","eladia@saulter.com""Chaya","Malvin","560CivicCenterDr","AnnArbor","MI",48103,"734-928-5182","chaya@malvin.com""Gwenn","Suffield","3270DequindreRd","DeerPark","NY",11729,"631-258-6558","gwenn_suffield@suffield.org""Salena","Karpel","1GarfieldAve#7","Canton","OH",44707,"330-791-8557","skarpel@cox.net""Yoko","Fishburne","9122CarpenterAve","NewHaven","CT","06511","203-506-4706","yoko@fishburne.com""Taryn","Moyd","48LenoxSt","Fairfax","VA",22030,"703-322-4041","taryn.moyd@hotmail.com""Katina","Polidori","5LittleRiverTpke","Wilmington","MA","01887","978-626-2978","katina_polidori@aol.com""Rickie","Plumer","3NGroesbeckHwy","Toledo","OH",43613,"419-693-1334","rickie.plumer@aol.com""Alex","Loader","37NElmSt#916","Tacoma","WA",98409,"253-660-7821","alex@loader.com""Lashon","Vizarro","433WestminsterBlvd#590","Roseville","CA",95661,"916-741-7884","lashon@aol.com""Lauran","Burnard","66697ParkPl#3224","Riverton","WY",82501,"307-342-7795","lburnard@burnard.com""Ceola","Setter","96263GreenwoodPl","Warren","ME","04864","207-627-7565","ceola.setter@setter.org""My","Rantanen","8McarthurLn","Richboro","PA",18954,"215-491-5633","my@hotmail.com""Lorrine","Worlds","8FairLawnAve","Tampa","FL",33614,"813-769-2939","lorrine.worlds@worlds.com""Peggie","Sturiale","9N14thSt","ElCajon","CA",92020,"619-608-1763","peggie@cox.net""Marvel","Raymo","9VanowenSt","CollegeStation","TX",77840,"979-718-8968","mraymo@yahoo.com""Daron","Dinos","18WaterlooGenevaRd","HighlandPark","IL",60035,"847-233-3075","daron_dinos@cox.net""An","Fritz","506SHaciendaDr","AtlanticCity","NJ","08401","609-228-5265","an_fritz@hotmail.com""Portia","Stimmel","3732ShermanAve","Bridgewater","NJ","08807","908-722-7128","portia.stimmel@aol.com""Rhea","Aredondo","25657LiveOakSt","Brooklyn","NY",11226,"718-560-9537","rhea_aredondo@cox.net""Benedict","Sama","4923CareyAve","SaintLouis","MO",63104,"314-787-1588","bsama@cox.net""Alyce","Arias","3196SRiderTrl","Stockton","CA",95207,"209-317-1801","alyce@arias.org""Heike","Berganza","3RailwayAve#75","LittleFalls","NJ","07424","973-936-5095","heike@gmail.com""Carey","Dopico","87393EHighlandRd","Indianapolis","IN",46220,"317-578-2453","carey_dopico@dopico.org""Dottie","Hellickson","67EChestnutHillRd","Seattle","WA",98133,"206-540-6076","dottie@hellickson.org""Deandrea","Hughey","33LewisRd#46","Burlington","NC",27215,"336-822-7652","deandrea@yahoo.com""Kimberlie","Duenas","8100JacksonvilleRd#7","Hays","KS",67601,"785-629-8542","kimberlie_duenas@yahoo.com""Martina","Staback","7WWabansiaAve#227","Orlando","FL",32822,"407-471-6908","martina_staback@staback.com""Skye","Fillingim","25MintersChapelRd#9","Minneapolis","MN",55401,"612-508-2655","skye_fillingim@yahoo.com""Jade","Farrar","6882TorresdaleAve","Columbia","SC",29201,"803-352-5387","jade.farrar@yahoo.com""Charlene","Hamilton","985E6thAve","SantaRosa","CA",95407,"707-300-1771","charlene.hamilton@hotmail.com""Geoffrey","Acey","7WestAve#1","Palatine","IL",60067,"847-222-1734","geoffrey@gmail.com""Stevie","Westerbeck","26659N13thSt","CostaMesa","CA",92626,"949-867-4077","stevie.westerbeck@yahoo.com""Pamella","Fortino","669PackerlandDr#1438","Denver","CO",80212,"303-404-2210","pamella@fortino.com""Harrison","Haufler","759EldoraSt","NewHaven","CT","06515","203-801-6193","hhaufler@hotmail.com""Johnna","Engelberg","5SColoradoBlvd#449","Bothell","WA",98021,"425-986-7573","jengelberg@engelberg.org""Buddy","Cloney","944GaitherDr","Strongsville","OH",44136,"440-989-5826","buddy.cloney@yahoo.com""Dalene","Riden","66552MaloneRd","Plaistow","NH","03865","603-315-6839","dalene.riden@aol.com""Jerry","Zurcher","77MassillonRd#822","SatelliteBeach","FL",32937,"321-518-5938","jzurcher@zurcher.org""Haydee","Denooyer","25346NewRd","NewYork","NY",10016,"212-792-8658","hdenooyer@denooyer.org""Joseph","Cryer","60FillmoreAve","HuntingtonBeach","CA",92647,"714-584-2237","joseph_cryer@cox.net""Deonna","Kippley","57HavenAve#90","Southfield","MI",48075,"248-913-4677","deonna_kippley@hotmail.com""Raymon","Calvaresi","6538EPomonaSt#60","Indianapolis","IN",46222,"317-825-4724","raymon.calvaresi@gmail.com""Alecia","Bubash","6535JoyceSt","WichitaFalls","TX",76301,"940-276-7922","alecia@aol.com""Ma","Layous","78112MorrisAve","NorthHaven","CT","06473","203-721-3388","mlayous@hotmail.com""Detra","Coyier","96950HiddenLn","Aberdeen","MD",21001,"410-739-9277","detra@aol.com""Terrilyn","Rodeigues","3718SMainSt","NewOrleans","LA",70130,"504-463-4384","terrilyn.rodeigues@cox.net""Salome","Lacovara","9677CommerceDr","Richmond","VA",23219,"804-550-5097","slacovara@gmail.com""Garry","Keetch","5GreenPondRd#4","Southampton","PA",18966,"215-979-8776","garry_keetch@hotmail.com""Matthew","Neither","636 Commerce Dr #42","Shakopee","MN",55379,"952-651-7597","mneither@yahoo.com""Theodora","Restrepo","42744 Hamann Industrial Pky #82","Miami","FL",33136,"305-936-8226","theodora.restrepo@restrepo.com""Noah","Kalafatis","1950 5th Ave","Milwaukee","WI",53209,"414-263-5287","noah.kalafatis@aol.com""Carmen","Sweigard","61304 N French Rd","Somerset","NJ","08873","732-941-2621","csweigard@sweigard.com""Lavonda","Hengel","87 Imperial Ct #79","Fargo","ND",58102,"701-898-2154","lavonda@cox.net""Junita","Stoltzman","94 W Dodge Rd","Carson City","NV",89701,"775-638-9963","junita@aol.com""Herminia","Nicolozakes","4 58th St #3519","Scottsdale","AZ",85254,"602-954-5141","herminia@nicolozakes.org""Casie","Good","5221 Bear Valley Rd","Nashville","TN",37211,"615-390-2251","casie.good@aol.com""Reena","Maisto","9648 S Main","Salisbury","MD",21801,"410-351-1863","reena@hotmail.com""Mirta","Mallett","7 S San Marcos Rd","New York","NY",10004,"212-870-1286","mirta_mallett@gmail.com"""Cathrine"  ,"Pontoriero"   ,"812SHavenSt"                    ,"Amarillo"         ,"TX",79109  ,"806-703-1435","cathrine.pontoriero@pontoriero.com""Filiberto" ,"Tawil"        ,"3882WCongressSt#799"            ,"LosAngeles"       ,"CA",90016  ,"323-765-2528","ftawil@hotmail.com""Raul"      ,"Upthegrove"   ,"4EColonialDr"                   ,"LaMesa"           ,"CA",91942  ,"619-509-5282","rupthegrove@yahoo.com""Sarah"     ,"Candlish"     ,"452ndAve#9759"                  ,"Atlanta"          ,"GA",30328  ,"770-732-1194","sarah.candlish@gmail.com""Lucy"      ,"Treston"      ,"57254BrickellAve#372"           ,"Worcester"        ,"MA","01602","508-769-5250","lucy@cox.net""Judy"      ,"Aquas"        ,"8977ConnecticutAveNw#3"         ,"Niles"            ,"MI",49120  ,"269-756-7222","jaquas@aquas.com""Yvonne"    ,"Tjepkema"     ,"9WaydellSt"                     ,"Fairfield"        ,"NJ","07004","973-714-1721","yvonne.tjepkema@hotmail.com""Kayleigh"  ,"Lace"         ,"43HueyPLongAve"                 ,"Lafayette"        ,"LA",70508  ,"337-740-9323","kayleigh.lace@yahoo.com""Felix"     ,"Hirpara"      ,"7563CornwallRd#4462"            ,"Denver"           ,"PA",17517  ,"717-491-5643","felix_hirpara@cox.net""Tresa"     ,"Sweely"       ,"22BridleLn"                   ,"ValleyPark"      ,"MO",63088  ,"314-359-9566","tresa_sweely@hotmail.com""Kristeen"  ,"Turinetti"    ,"70099ENorthAve"              ,"Arlington"        ,"TX",76013  ,"817-213-8851","kristeen@gmail.com""Jenelle"   ,"Regusters"    ,"3211ENortheastLoop"          ,"Tampa"            ,"FL",33619  ,"813-932-8715","jregusters@regusters.com""Renea"     ,"Monterrubio"  ,"26MontgomerySt"               ,"Atlanta"          ,"GA",30328  ,"770-679-4752","renea@hotmail.com""Olive"     ,"Matuszak"     ,"13252LighthouseAve"           ,"CathedralCity"   ,"CA",92234  ,"760-938-6069","olive@aol.com""Ligia"     ,"Reiber"       ,"206MainSt#2804"              ,"Lansing"          ,"MI",48933  ,"517-906-1108","lreiber@cox.net""Christiane","Eschberger"   ,"96541WCentralBlvd"           ,"Phoenix"          ,"AZ",85034  ,"602-390-4944","christiane.eschberger@yahoo.com""Goldie"    ,"Schirpke"     ,"34SaintGeorgeAve#2"         ,"Bangor"           ,"ME","04401","207-295-7569","goldie.schirpke@yahoo.com""Loreta"    ,"Timenez"      ,"47857ConeyIslandAve"         ,"Clinton"          ,"MD",20735  ,"301-696-6420","loreta.timenez@hotmail.com"m""Fabiola","Hauenstein","8573LincolnBlvd","York","PA",17404,"717-809-3119","fabiola.hauenstein@hauenstein.org""Amie","Perigo","596SantaMariaAve#7913","Mesquite","TX",75150,"972-419-7946","amie.perigo@yahoo.com""Raina","Brachle","3829VenturaBlvd","Butte","MT",59701,"406-318-1515","raina.brachle@brachle.org""Erinn","Canlas","13SHaciendaDr","Livingston","NJ","07039","973-767-3008","erinn.canlas@canlas.com""Cherry","Lietz","409thAveSw#91","Waterford","MI",48329,"248-980-6904","cherry@lietz.com""Kattie","Vonasek","2845BoulderCrescentSt","Cleveland","OH",44103,"216-923-3715","kattie@vonasek.org""Lilli","Scriven","33StateSt","Abilene","TX",79601,"325-631-1560","lilli@aol.com""Whitley","Tomasulo","2S15thSt","FortWorth","TX",76107,"817-526-4408","whitley.tomasulo@aol.com""Barbra","Adkin","4KohlerMemorialDr","Brooklyn","NY",11230,"718-201-3751","badkin@hotmail.com""Hermila","Thyberg","1RanchoDelMarShoppingC","Providence","RI","02903","401-893-4882","hermila_thyberg@hotmail.com""Jesusita","Flister","3943NHighlandAve","Lancaster","PA",17601,"717-885-9118","jesusita.flister@hotmail.com""Caitlin","Julia","5WilliamsSt","Johnston","RI","02919","401-948-4982","caitlin.julia@julia.org""Roosevelt","Hoffis","60OldDoverRd","Hialeah","FL",33014,"305-622-4739","roosevelt.hoffis@aol.com""Helaine","Halter","8SheridanRd","JerseyCity","NJ","07304","201-832-4168","hhalter@yahoo.com""Lorean","Martabano","85092SouthernBlvd","SanAntonio","TX",78204,"210-856-4979","lorean.martabano@hotmail.com""France","Buzick","64NewmanSpringsRdE","Brooklyn","NY",11219,"718-478-8504","france.buzick@yahoo.com""Justine","Ferrario","48StratfordAve","Pomona","CA",91768,"909-993-3242","jferrario@hotmail.com""Adelina","Nabours","80PittsfordVictorRd#9","Cleveland","OH",44103,"216-230-4892","adelina_nabours@gmail.com""Derick","Dhamer","87163NMainAve","NewYork","NY",10013,"212-304-4515","ddhamer@cox.net""Jerry","Dallen","393LafayetteAve","Richmond","VA",23219,"804-762-9576","jerry.dallen@yahoo.com""Leota","Ragel","995thAve#33","Trion","GA",30753,"706-221-4243","leota.ragel@gmail.com""Jutta","Amyot","49NMaysSt","Broussard","LA",70518,"337-515-1438","jamyot@hotmail.com""Aja","Gehrett","993WashingtonAve","Nutley","NJ","07110","973-544-2677","aja_gehrett@hotmail.com""Kirk","Herritt","8815thAveNe","Vestal","NY",13850,"607-407-3716","kirk.herritt@aol.com""Leonora","Mauson","3381E40thAve","Passaic","NJ","07055","973-412-2995","leonora@yahoo.com""Winfred","Brucato","201RidgewoodRd","Moscow","ID",83843,"208-252-4552","winfred_brucato@hotmail.com""Tarra","Nachor","39 Moccasin Dr","San Francisco","CA",94104,"415-411-1775","tarra.nachor@cox.net""Corinne","Loder","4 Carroll St","North Attleboro","MA","02760","508-942-4186","corinne@loder.org""Dulce","Labreche","9581 E Arapahoe Rd","Rochester","MI",48307,"248-357-8718","dulce_labreche@yahoo.com""Kate","Keneipp","33 N Michigan Ave","Green Bay","WI",54301,"920-353-6377","kate_keneipp@yahoo.com""Kaitlyn","Ogg","2 S Biscayne Blvd","Baltimore","MD",21230,"410-665-4903","kaitlyn.ogg@gmail.com""Sherita","Saras","8 Us Highway 22","Colorado Springs","CO",80937,"719-669-1664","sherita.saras@cox.net"""Lashawnda" ,"Stuer"        ,"7422MartinAve#8"                ,"Toledo"           ,"OH",43607  ,"419-588-8719","lstuer@cox.net""Ernest"    ,"Syrop"        ,"94ChaseRd"                      ,"Hyattsville"      ,"MD",20785  ,"301-998-9644","ernest@cox.net""Nobuko"    ,"Halsey"       ,"8139IHwy10#92"                  ,"NewBedford"       ,"MA","02745","508-855-9887","nobuko.halsey@yahoo.com""Lavonna"   ,"Wolny"        ,"5CabotRd"                       ,"McLean"           ,"VA",22102  ,"703-483-1970","lavonna.wolny@hotmail.com""Lashaunda" ,"Lizama"       ,"3387RyanDr"                     ,"Hanover"          ,"MD",21076  ,"410-678-2473","llizama@cox.net""Mariann"   ,"Bilden"       ,"3125PackerAve#9851"             ,"Austin"           ,"TX",78753  ,"512-223-4791","mariann.bilden@aol.com""Helene"    ,"Rodenberger"  ,"347ChestnutSt"                  ,"Peoria"           ,"AZ",85381  ,"623-461-8551","helene@aol.com""Roselle"   ,"Estell"       ,"8116MountVernonAve"          ,"Bucyrus"          ,"OH",44820  ,"419-571-5920","roselle.estell@hotmail.com""Samira"    ,"Heintzman"    ,"8772OldCountyRd#5410"       ,"Kent"             ,"WA",98032  ,"206-311-4137","sheintzman@hotmail.com""Margart"   ,"Meisel"       ,"868StateSt#38"               ,"Cincinnati"       ,"OH",45251  ,"513-617-2362","margart_meisel@yahoo.com""Kristofer" ,"Bennick"      ,"772WRiverDr"                 ,"Bloomington"      ,"IN",47404  ,"812-368-1511","kristofer.bennick@yahoo.com""Weldon"    ,"Acuff"        ,"73WBarstowAve"               ,"ArlingtonHeights","IL",60004  ,"847-353-2156","wacuff@gmail.com""Shalon"    ,"Shadrick"     ,"61047MayfieldAve"             ,"Brooklyn"         ,"NY",11223  ,"718-232-2337","shalon@cox.net""Denise"    ,"Patak"        ,"2139SantaRosaAve"            ,"Orlando"          ,"FL",32801  ,"407-446-4358","denise@patak.org""Louvenia"  ,"Beech"        ,"59843rdSt"                    ,"BeverlyHills"    ,"CA",90210  ,"310-820-2117","louvenia.beech@beech.com""Audry"     ,"Yaw"          ,"70295PioneerCt"               ,"Brandon"          ,"FL",33511  ,"813-797-4816","audry.yaw@yaw.org""Kristel"   ,"Ehmann"       ,"92899KalakauaAve"             ,"ElPaso"          ,"TX",79925  ,"915-452-1290","kristel.ehmann@aol.com""Vincenza"  ,"Zepp"         ,"395S6thSt#2"                ,"ElCajon"         ,"CA",92020  ,"619-603-5125","vzepp@gmail.com""Elouise"   ,"Gwalthney"    ,"9506EdgemoreAve"              ,"Bladensburg"      ,"MD",20710  ,"301-841-5012","egwalthney@yahoo.com""Venita"    ,"Maillard"     ,"72119SWalkerAve#63"         ,"Anaheim"          ,"CA",92801  ,"714-523-6653","venita_maillard@gmail.com""Kasandra"  ,"Semidey"      ,"369LathamSt#500"             ,"SaintLouis"      ,"MO",63102  ,"314-732-9131","kasandra_semidey@semidey.com""Xochitl"   ,"Discipio"     ,"3158RunamuckPl"               ,"RoundRock"       ,"TX",78664  ,"512-233-1831","xdiscipio@gmail.com""Maile"     ,"Linahan"      ,"9PlainsboroRd#598"           ,"Greensboro"       ,"NC",27409  ,"336-670-2640","mlinahan@yahoo.com""Krissy"    ,"Rauser"       ,"8728SBroadSt"                ,"Coram"            ,"NY",11727  ,"631-443-4710","krauser@cox.net""Pete"      ,"Dubaldi"      ,"2215ProsperityDr"             ,"Lyndhurst"        ,"NJ","07071","201-825-2514","pdubaldi@hotmail.com""Linn"      ,"Paa"          ,"1SPineSt"                    ,"Memphis"          ,"TN",38112  ,"901-412-4381","linn_paa@paa.com""Paris"     ,"Wide"         ,"187MarketSt"                  ,"Atlanta"          ,"GA",30342  ,"404-505-4445","paris@hotmail.com""Wynell"    ,"Dorshorst"    ,"94290SBuchananSt"            ,"Pacifica"         ,"CA",94044  ,"650-473-1262","wynell_dorshorst@dorshorst.org""Quentin"   ,"Birkner"      ,"7061N2ndSt"                  ,"Burnsville"       ,"MN",55337  ,"952-702-7993","qbirkner@aol.com""Regenia"   ,"Kannady"      ,"10759MainSt"                  ,"Scottsdale"       ,"AZ",85260  ,"480-726-1280","regenia.kannady@cox.net""Sheron"    ,"Louissant"    ,"97E3rdSt#9"                 ,"LongIslandCity" ,"NY",11101  ,"718-976-8610","sheron@aol.com""Izetta"    ,"Funnell"      ,"82WinsorSt#54"               ,"Atlanta"          ,"GA",30340  ,"770-844-3447","izetta.funnell@hotmail.com""Rodolfo"   ,"Butzen"       ,"41SteelCt"                    ,"Northfield"       ,"MN",55057  ,"507-210-3510","rodolfo@hotmail.com""Zona"      ,"Colla"        ,"49440DearbornSt"              ,"Norwalk"          ,"CT","06854","203-461-1949","zona@hotmail.com""Serina"    ,"Zagen"        ,"7SBeverlyDr"                 ,"FortWayne"       ,"IN",46802  ,"260-273-3725","szagen@aol.com""Paz"       ,"Sahagun"      ,"919WallBlvd"                  ,"Meridian"         ,"MS",39307  ,"601-927-8287","paz_sahagun@cox.net""Markus"    ,"Lukasik"      ,"8920thStE#779"              ,"SterlingHeights" ,"MI",48310  ,"586-970-7380","markus@yahoo.com""Jaclyn"    ,"Bachman"      ,"721Interstate45S"            ,"ColoradoSprings" ,"CO",80919  ,"719-853-3600","jaclyn@aol.com""Cyril"     ,"Daufeldt"     ,"3LawtonSt"                    ,"NewYork"         ,"NY",10013  ,"212-745-8484","cyril_daufeldt@daufeldt.com""Gayla"     ,"Schnitzler"   ,"38PleasantHillRd"            ,"Hayward"          ,"CA",94545  ,"510-686-3407","gschnitzler@gmail.com""Erick"     ,"Nievas"       ,"45EAcaciaCt"                 ,"Chicago"          ,"IL",60624  ,"773-704-9903","erick_nievas@aol.com""Jennie"    ,"Drymon"       ,"63728PowayRd#1"              ,"Scranton"         ,"PA",18509  ,"570-218-4831","jennie@cox.net""Mitsue"    ,"Scipione"     ,"77222Dr"                      ,"Oroville"         ,"CA",95965  ,"530-986-9272","mscipione@scipione.com""Ciara"     ,"Ventura"      ,"53WCareySt"                  ,"PortJervis"      ,"NY",12771  ,"845-823-8877","cventura@yahoo.com""Galen"     ,"Cantres"      ,"617Nw36thAve"                ,"BrookPark"       ,"OH",44142  ,"216-600-6111","galen@yahoo.com""Truman"    ,"Feichtner"    ,"539ColdwaterCanyonAve"       ,"Bloomfield"       ,"NJ","07003","973-852-2736","tfeichtner@yahoo.com""Gail"      ,"Kitty"        ,"735CrawfordDr"                ,"Anchorage"        ,"AK",99501  ,"907-435-9166","gail@kitty.com""Dalene"    ,"Schoeneck"    ,"910RahwayAve"                 ,"Philadelphia"     ,"PA",19102  ,"215-268-1275","dalene@schoeneck.org""Gertude"   ,"Witten"       ,"7TarrytownRd"                 ,"Cincinnati"       ,"OH",45217  ,"513-977-7043","gertude.witten@gmail.com""Lizbeth"   ,"Kohl"         ,"35433BlakeSt#588"            ,"Gardena"          ,"CA",90248  ,"310-699-1222","lizbeth@yahoo.com""Glenn"     ,"Berray"       ,"29CherrySt#7073"             ,"DesMoines"       ,"IA",50315  ,"515-370-7348","gberray@gmail.com""Lashandra" ,"Klang"        ,"810NLaBreaAve"              ,"KingofPrussia"  ,"PA",19406  ,"610-809-1818","lashandra@yahoo.com""Lenna"     ,"Newville"     ,"987MainSt"                    ,"Raleigh"          ,"NC",27601  ,"919-623-2524","lnewville@newville.com""Laurel"    ,"Pagliuca"     ,"36EnterpriseStSe"            ,"Richland"         ,"WA",99352  ,"509-695-5199","laurel@yahoo.com""Mireya"    ,"Frerking"     ,"8429MillerRd"                 ,"Pelham"           ,"NY",10803  ,"914-868-5965","mireya.frerking@hotmail.com""Annelle"   ,"Tagala"       ,"5W7thSt"                     ,"Parkville"        ,"MD",21234  ,"410-757-1035","annelle@yahoo.com""Dean"      ,"Ketelsen"     ,"2FlynnRd"                     ,"Hicksville"       ,"NY",11801  ,"516-847-4418","dean_ketelsen@gmail.com""Levi"      ,"Munis"        ,"2094Ne36thAve"               ,"Worcester"        ,"MA","01603","508-456-4907","levi.munis@gmail.com""Sylvie"    ,"Ryser"        ,"649TulaneAve"                 ,"Tulsa"            ,"OK",74105  ,"918-644-9555","sylvie@aol.com""Sharee"    ,"Maile"        ,"2094MontourBlvd"              ,"Muskegon"         ,"MI",49442  ,"231-467-9978","sharee_maile@aol.com""Cordelia"  ,"Storment"     ,"393HammondDr"                 ,"Lafayette"        ,"LA",70506  ,"337-566-6001","cordelia_storment@aol.com""Mollie"    ,"Mcdoniel"     ,"8590LakeLizzieDr"            ,"BowlingGreen"    ,"OH",43402  ,"419-975-3182","mollie_mcdoniel@yahoo.com""Brett"     ,"Mccullan"     ,"87895ConcordRd"               ,"LaMesa"          ,"CA",91942  ,"619-461-9984","brett.mccullan@mccullan.com""Teddy"     ,"Pedrozo"      ,"46314Route130"                ,"Bridgeport"       ,"CT","06610","203-892-3863","teddy_pedrozo@aol.com""Tasia"     ,"Andreason"    ,"4CowesettAve"                 ,"Kearny"           ,"NJ","07032","201-920-9002","tasia_andreason@yahoo.com""Hubert"    ,"Walthall"     ,"95MainAve#2"                 ,"Barberton"        ,"OH",44203  ,"330-903-1345","hubert@walthall.org""Arthur"    ,"Farrow"       ,"28S7thSt#2824"              ,"Englewood"        ,"NJ","07631","201-238-5688","arthur.farrow@yahoo.com""Vilma"     ,"Berlanga"     ,"79SHowellAve"                ,"GrandRapids"     ,"MI",49546  ,"616-737-3085","vberlanga@berlanga.com""Billye"    ,"Miro"         ,"36LancasterDrSe"             ,"Pearl"            ,"MS",39208  ,"601-567-5386","billye_miro@cox.net""Glenna"    ,"Slayton"      ,"2759LivingstonAve"            ,"Memphis"          ,"TN",38118  ,"901-640-9178","glenna_slayton@cox.net""Mitzie"    ,"Hudnall"      ,"17JerseyAve"                  ,"Englewood"        ,"CO",80110  ,"303-402-1940","mitzie_hudnall@yahoo.com""Bernardine","Rodefer"      ,"2WGrandAve"                  ,"Memphis"          ,"TN",38112  ,"901-901-4726","bernardine_rodefer@yahoo.com""Staci"     ,"Schmaltz"     ,"18CoronadoAve#563"           ,"Pasadena"         ,"CA",91106  ,"626-866-2339","staci_schmaltz@aol.com""Nichelle"  ,"Meteer"       ,"72BeechwoodTer"               ,"Chicago"          ,"IL",60657  ,"773-225-9985","nichelle_meteer@meteer.com""Janine"    ,"Rhoden"       ,"92Broadway"                    ,"Astoria"          ,"NY",11103  ,"718-228-5894","jrhoden@yahoo.com""Ettie"     ,"Hoopengardner","39FranklinAve"                ,"Richland"         ,"WA",99352  ,"509-755-5393","ettie.hoopengardner@hotmail.com""Eden"      ,"Jayson"       ,"4IwaenaSt"                    ,"Baltimore"        ,"MD",21202  ,"410-890-7866","eden_jayson@yahoo.com""Lynelle"   ,"Auber"        ,"32820CorkwoodRd"              ,"Newark"           ,"NJ","07104","973-860-8610","lynelle_auber@gmail.com""Merissa"   ,"Tomblin"      ,"34RaritanCenterPky"          ,"Bellflower"       ,"CA",90706  ,"562-579-6900","merissa.tomblin@gmail.com""Golda"     ,"Kaniecki"     ,"6201SNevadaAve"              ,"TomsRiver"       ,"NJ","08755","732-628-9909","golda_kaniecki@yahoo.com""Catarina"  ,"Gleich"       ,"78MarylandDr#146"            ,"Denville"         ,"NJ","07834","973-210-3994","catarina_gleich@hotmail.com""Virgie"    ,"Kiel"         ,"76598RdI95#1"              ,"Denver"           ,"CO",80216  ,"303-776-7548","vkiel@hotmail.com""Jolene"    ,"Ostolaza"     ,"161014thStNw"                ,"NewportNews"     ,"VA",23608  ,"757-682-7116","jolene@yahoo.com""Keneth"    ,"Borgman"      ,"86350RoszelRd"                ,"Phoenix"          ,"AZ",85012  ,"602-919-4211","keneth@yahoo.com""Rikki"     ,"Nayar"        ,"1644CloveRd"                  ,"Miami"            ,"FL",33155  ,"305-968-9487","rikki@nayar.com""Elke"      ,"Sengbusch"    ,"9WCentralAve"                ,"Phoenix"          ,"AZ",85013  ,"602-896-2993","elke_sengbusch@yahoo.com""Hoa"       ,"Sarao"        ,"27846LafayetteAve"            ,"OakHill"         ,"FL",32759  ,"386-526-7800","hoa@sarao.org""Trinidad"  ,"Mcrae"        ,"10276BrooksSt"                ,"SanFrancisco"    ,"CA",94105  ,"415-331-9634","trinidad_mcrae@yahoo.com""Mari"      ,"Lueckenbach"  ,"1CenturyParkE"               ,"SanDiego"        ,"CA",92110  ,"858-793-9684","mari_lueckenbach@yahoo.com""Selma"     ,"Husser"       ,"9StateHighway57#22"         ,"JerseyCity"      ,"NJ","07306","201-991-8369","selma.husser@cox.net""Antione"   ,"Onofrio"      ,"4SWashingtonAve"             ,"SanBernardino"   ,"CA",92410  ,"909-430-7765","aonofrio@onofrio.com""Luisa"     ,"Jurney"       ,"25Se176thPl"                 ,"Cambridge"        ,"MA","02138","617-365-2134","ljurney@hotmail.com""Clorinda"  ,"Heimann"      ,"105RichmondValleyRd"         ,"Escondido"        ,"CA",92025  ,"760-291-5497","clorinda.heimann@hotmail.com""Dick"      ,"Wenzinger"    ,"22SpruceSt#595"              ,"Gardena"          ,"CA",90248  ,"310-510-9713","dick@yahoo.com""Ahmed"     ,"Angalich"     ,"2WBeverlyBlvd"               ,"Harrisburg"       ,"PA",17110  ,"717-528-8996","ahmed.angalich@angalich.com""Iluminada" ,"Ohms"         ,"72SouthernBlvd"               ,"Mesa"             ,"AZ",85204  ,"480-293-2882","iluminada.ohms@yahoo.com""Joanna"    ,"Leinenbach"   ,"1WashingtonSt"                ,"LakeWorth"       ,"FL",33461  ,"561-470-4574","joanna_leinenbach@hotmail.com""Caprice"   ,"Suell"        ,"90177N55thAve"               ,"Nashville"        ,"TN",37211  ,"615-246-1824","caprice@aol.com""Stephane"  ,"Myricks"      ,"9TowerAve"                    ,"Burlington"       ,"KY",41005  ,"859-717-7638","stephane_myricks@cox.net"""Quentin","Swayze","278BayviewAve","Milan","MI",48160,"734-561-6170","quentin_swayze@yahoo.com""Annmarie","Castros","80312W32ndSt","Conroe","TX",77301,"936-751-7961","annmarie_castros@gmail.com""Shonda","Greenbush","82UsHighway46","Clifton","NJ","07011","973-482-2430","shonda_greenbush@cox.net""Cecil","Lapage","4StovallSt#72","UnionCity","NJ","07087","201-693-3967","clapage@lapage.com""Jeanice","Claucherty","19AmboyAve","Miami","FL",33142,"305-988-4162","jeanice.claucherty@yahoo.com""Josphine","Villanueva","63SmithLn#8343","Moss","TN",38575,"931-553-9774","josphine_villanueva@villanueva.com""Daniel","Perruzza","11360 S Halsted St","Santa Ana","CA",92705,"714-771-3880","dperruzza@perruzza.com""Cassi","Wildfong","26849 Jefferson Hwy","Rolling Meadows","IL",60008,"847-633-3216","cassi.wildfong@aol.com""Britt","Galam","2500 Pringle Rd Se #508","Hatfield","PA",19440,"215-888-3304","britt@galam.org""Adell","Lipkin","65 Mountain View Dr","Whippany","NJ","07981","973-654-1561","adell.lipkin@lipkin.com""Jacqueline","Rowling","1 N San Saba","Erie","PA",16501,"814-865-8113","jacqueline.rowling@yahoo.com""Lonny","Weglarz","51120 State Route 18","Salt Lake City","UT",84115,"801-293-9853","lonny_weglarz@gmail.com""Lonna","Diestel","1482 College Ave","Fayetteville","NC",28301,"910-922-3672","lonna_diestel@gmail.com""Cristal","Samara","4119 Metropolitan Dr","Los Angeles","CA",90021,"213-975-8026","cristal@cox.net""Kenneth","Grenet","2167 Sierra Rd","East Lansing","MI",48823,"517-499-2322","kenneth.grenet@grenet.org""Elli","Mclaird","6 Sunrise Ave","Utica","NY",13501,"315-818-2638","emclaird@mclaird.com""Alline","Jeanty","55713 Lake City Hwy","South Bend","IN",46601,"574-656-2800","ajeanty@gmail.com""Sharika","Eanes","75698 N Fiesta Blvd","Orlando","FL",32806,"407-312-1691","sharika.eanes@aol.com""Nu","Mcnease","88 Sw 28th Ter","Harrison","NJ","07029","973-751-9003","nu@gmail.com""Daniela","Comnick","7 Flowers Rd #403","Trenton","NJ","08611","609-200-8577","dcomnick@cox.net""Cecilia","Colaizzo","4 Nw 12th St #3849","Madison","WI",53717,"608-382-4541","cecilia_colaizzo@colaizzo.com""Leslie","Threets","2 A Kelley Dr","Katonah","NY",10536,"914-861-9748","leslie@cox.net""Nan","Koppinger","88827 Frankford Ave","Greensboro","NC",27401,"336-370-5333","nan@koppinger.com""Izetta","Dewar","2 W Scyene Rd #3","Baltimore","MD",21217,"410-473-1708","idewar@dewar.com""Tegan","Arceo","62260 Park Stre","Monroe Township","NJ","08831","732-730-2692","tegan.arceo@arceo.org""Ruthann","Keener","3424 29th St Se","Kerrville","TX",78028,"830-258-2769","ruthann@hotmail.com""Joni","Breland","35 E Main St #43","Elk Grove Village","IL",60007,"847-519-5906","joni_breland@cox.net""Vi","Rentfro","7163 W Clark Rd","Freehold","NJ","07728","732-605-4781","vrentfro@cox.net""Colette","Kardas","21575 S Apple Creek Rd","Omaha","NE",68124,"402-896-5943","colette.kardas@yahoo.com""Malcolm","Tromblay","747 Leonis Blvd","Annandale","VA",22003,"703-221-5602","malcolm_tromblay@cox.net""Ryan","Harnos","13 Gunnison St","Plano","TX",75075,"972-558-1665","ryan@cox.net""Jess","Chaffins","18 3rd Ave","New York","NY",10016,"212-510-4633","jess.chaffins@chaffins.org""Sharen","Bourbon","62 W Austin St","Syosset","NY",11791,"516-816-1541","sbourbon@yahoo.com""Nickolas","Juvera","177 S Rider Trl #52","Crystal River","FL",34429,"352-598-8301","nickolas_juvera@cox.net""Gary","Nunlee","2 W Mount Royal Ave","Fortville","IN",46040,"317-542-6023","gary_nunlee@nunlee.org""Diane","Devreese","1953 Telegraph Rd","Saint Joseph","MO",64504,"816-557-9673","diane@cox.net""Roslyn","Chavous","63517 Dupont St","Jackson","MS",39211,"601-234-9632","roslyn.chavous@chavous.org""Glory","Schieler","5 E Truman Rd","Abilene","TX",79602,"325-869-2649","glory@yahoo.com""Rasheeda","Sayaphon","251 Park Ave #979","Saratoga","CA",95070,"408-805-4309","rasheeda@aol.com""Alpha","Palaia","43496 Commercial Dr #29","Cherry Hill","NJ","08003","856-312-2629","alpha@yahoo.com""Refugia","Jacobos","2184 Worth St","Hayward","CA",94545,"510-974-8671","refugia.jacobos@jacobos.com""Shawnda","Yori","50126 N Plankinton Ave","Longwood","FL",32750,"407-538-5106","shawnda.yori@yahoo.com""Mona","Delasancha","38773 Gravois Ave","Cheyenne","WY",82001,"307-403-1488","mdelasancha@hotmail.com""Gilma","Liukko","16452 Greenwich St","Garden City","NY",11530,"516-393-9967","gilma_liukko@gmail.com""Janey","Gabisi","40 Cambridge Ave","Madison","WI",53715,"608-967-7194","jgabisi@hotmail.com""Lili","Paskin","20113 4th Ave E","Kearny","NJ","07032","201-431-2989","lili.paskin@cox.net""Loren","Asar","6 Ridgewood Center Dr","Old Forge","PA",18518,"570-648-3035","loren.asar@aol.com""Dorothy","Chesterfield","469 Outwater Ln","San Diego","CA",92126,"858-617-7834","dorothy@cox.net""Gail","Similton","62 Monroe St","Thousand Palms","CA",92276,"760-616-5388","gail_similton@similton.com""Catalina","Tillotson","3338 A Lockport Pl #6","Margate City","NJ","08402","609-373-3332","catalina@hotmail.com""Lawrence","Lorens","9 Hwy","Providence","RI","02906","401-465-6432","lawrence.lorens@hotmail.com""Carlee","Boulter","8284 Hart St","Abilene","KS",67410,"785-347-1805","carlee.boulter@hotmail.com""Thaddeus","Ankeny","5 Washington St #1","Roseville","CA",95678,"916-920-3571","tankeny@ankeny.org""Jovita","Oles","8 S Haven St","Daytona Beach","FL",32114,"386-248-4118","joles@gmail.com""Alesia","Hixenbaugh","9 Front St","Washington","DC",20001,"202-646-7516","alesia_hixenbaugh@hixenbaugh.org""Lai","Harabedian","1933 Packer Ave #2","Novato","CA",94945,"415-423-3294","lai@gmail.com""Brittni","Gillaspie","67 Rv Cent","Boise","ID",83709,"208-709-1235","bgillaspie@gillaspie.com""Raylene","Kampa","2 Sw Nyberg Rd","Elkhart","IN",46514,"574-499-1454","rkampa@kampa.org""Flo","Bookamer","89992 E 15th St","Alliance","NE",69301,"308-726-2182","flo.bookamer@cox.net""Jani","Biddy","61556 W 20th Ave","Seattle","WA",98104,"206-711-6498","jbiddy@yahoo.com""Chauncey","Motley","63 E Aurora Dr","Orlando","FL",32804,"407-413-4842","chauncey_motley@aol.com"